"";"cities.nazwa";"cutree.cities.scaled.hclust..10."
"1";"Boles³awiec(1)";1
"2";"Niemcza(3)";2
"3";"Jawor(1)";3
"4";"Bolków(3)";4
"5";"Kowary(1)";5
"6";"Piechowice(1)";6
"7";"Mys³akowice(2)";5
"8";"Lubawka(3)";7
"9";"Miêdzylesie(3)";8
"10";"NowaRuda(2)";3
"11";"Szczytna(3)";8
"12";"Leœna(3)";4
"13";"Lubin(1)";1
"14";"LwówekŒl¹ski(3)";5
"15";"Milicz(3)";7
"16";"O³awa(1)";6
"17";"Œwidnica(1)";4
"18";"Strzegom(3)";7
"19";"ObornikiŒl¹skie(3)";7
"20";"Trzebnica(3)";2
"21";"Jedlina-Zdrój(1)";7
"22";"Mieroszów(3)";3
"23";"Kobierzyce(2)";1
"24";"Sobótka(3)";7
"25";"Zgorzelec(1)";5
"26";"Zgorzelec(2)";9
"27";"Osielsko(2)";2
"28";"Che³mno(1)";4
"29";"Kruszwica(3)";10
"30";"Skêpe(3)";4
"31";"Szubin(3)";1
"32";"Wiêcbork(3)";8
"33";"Osie(2)";8
"34";"£ysomice(2)";2
"35";"Lubiewo(2)";10
"36";"¯nin(3)";4
"37";"JanówPodlaski(2)";1
"38";"JanówLubelski(3)";5
"39";"Krasnystaw(1)";7
"40";"Firlej(2)";10
"41";"Jastków(2)";1
"42";"DêbowaK³oda(2)";7
"43";"Œwidnik(1)";2
"44";"Susiec(2)";3
"45";"W³odawa(1)";10
"46";"Che³m(1)";6
"47";"Miêdzyrzecz(3)";8
"48";"Trzciel(3)";6
"49";"OœnoLubuskie(3)";3
"50";"Rzepin(3)";1
"51";"StrzelceKrajeñskie(3)";5
"52";"Lubniewice(3)";7
"53";"Torzym(3)";7
"54";"Lubrza(2)";8
"55";"Œwiebodzin(3)";1
"56";"Wschowa(3)";8
"57";"Be³chatów(2)";5
"58";"Kleszczów(2)";6
"59";"Kutno(1)";1
"60";"£ask(3)";4
"61";"Tuszyn(3)";4
"62";"Pabianice(1)";2
"63";"Sulejów(3)";5
"64";"Pêczniew(2)";7
"65";"Uniejów(3)";6
"66";"Radomsko(1)";2
"67";"TomaszówMazowiecki(1)";5
"68";"Osjaków(2)";5
"69";"P¹tnów(2)";8
"70";"ZduñskaWola(1)";5
"71";"Zgierz(1)";4
"72";"Stryków(3)";1
"73";"Zgierz(2)";8
"74";"PiotrkówTrybunalski(1)";1
"75";"Bochnia(1)";6
"76";"Rzezawa(2)";5
"77";"Brzesko(3)";1
"78";"Gorlice(1)";5
"79";"WielkaWieœ(2)";9
"80";"Zabierzów(2)";1
"81";"Limanowa(1)";4
"82";"MszanaDolna(1)";7
"83";"MszanaDolna(2)";10
"84";"NiedŸwiedŸ(2)";7
"85";"Dobczyce(3)";2
"86";"Myœlenice(3)";4
"87";"Rytro(2)";1
"88";"StaryS¹cz(3)";10
"89";"NowyTarg(1)";2
"90";"CzarnyDunajec(2)";4
"91";"NowyTarg(2)";8
"92";"OchotnicaDolna(2)";8
"93";"Szaflary(2)";8
"94";"MakówPodhalañski(3)";7
"95";"Stryszawa(2)";8
"96";"Andrychów(3)";2
"97";"KalwariaZebrzydowska(3)";7
"98";"Niepo³omice(3)";6
"99";"Ciechanów(1)";2
"100";"Wilga(2)";5
"101";"GrodziskMazowiecki(3)";2
"102";"Warka(3)";4
"103";"Kozienice(3)";4
"104";"Nieporêt(2)";6
"105";"NowyDwórMazowiecki(1)";9
"106";"Wi¹zowna(2)";2
"107";"Konstancin-Jeziorna(3)";5
"108";"Piaseczno(3)";1
"109";"£¹ck(2)";10
"110";"Nadarzyn(2)";6
"111";"Raszyn(2)";2
"112";"O¿arówMazowiecki(3)";2
"113";"Radziejowice(2)";1
"114";"Brzeg(1)";4
"115";"Kêdzierzyn-KoŸle(1)";6
"116";"Kluczbork(3)";6
"117";"Gogolin(3)";9
"118";"Namys³ów(3)";2
"119";"Otmuchów(3)";8
"120";"Olesno(3)";4
"121";"Turawa(2)";10
"122";"Leœnica(3)";10
"123";"Brzozów(3)";4
"124";"Dêbica(1)";1
"125";"Jaros³aw(1)";2
"126";"Jas³o(1)";4
"127";"Dukla(3)";8
"128";"Horyniec-Zdrój(2)";10
"129";"£añcut(1)";1
"130";"Mielec(1)";1
"131";"SêdziszówMa³opolski(3)";6
"132";"G³ogówMa³opolski(3)";1
"133";"Trzebownisko(2)";2
"134";"Komañcza(2)";10
"135";"Sanok(2)";8
"136";"StalowaWola(1)";5
"137";"BaranówSandomierski(3)";4
"138";"Baligród(2)";10
"139";"Lesko(3)";7
"140";"Nowinka(2)";10
"141";"P³aska(2)";8
"142";"Supraœl(3)";4
"143";"Tykocin(3)";10
"144";"Rajgród(3)";8
"145";"DubiczeCerkiewne(2)";3
"146";"Giby(2)";10
"147";"Suwa³ki(2)";7
"148";"Ciechanowiec(3)";5
"149";"£om¿a(1)";1
"150";"Bytów(3)";5
"151";"Chojnice(1)";2
"152";"Czersk(3)";3
"153";"Przechlewo(2)";4
"154";"Kolbudy(2)";2
"155";"PruszczGdañski(2)";5
"156";"Przywidz(2)";7
"157";"Chmielno(2)";8
"158";"Kartuzy(3)";4
"159";"Sierakowice(2)";10
"160";"Somonino(2)";7
"161";"Sulêczyno(2)";8
"162";"Koœcierzyna(1)";6
"163";"Kwidzyn(1)";5
"164";"Puck(1)";5
"165";"Kosakowo(2)";8
"166";"Puck(2)";5
"167";"Lubichowo(2)";10
"168";"Zblewo(2)";10
"169";"Gniew(3)";1
"170";"Rumia(1)";2
"171";"Wejherowo(1)";4
"172";"Cieszyn(1)";1
"173";"Koszêcin(2)";3
"174";"Pszczyna(3)";2
"175";"Racibórz(1)";6
"176";"Zawiercie(1)";2
"177";"¯ywiec(1)";7
"178";"£odygowice(2)";10
"179";"Milówka(2)";7
"180";"WêgierskaGórka(2)";7
"181";"Bytom(1)";4
"182";"Chorzów(1)";2
"183";"D¹browaGórnicza(1)";1
"184";"Jaworzno(1)";4
"185";"PiekaryŒl¹skie(1)";2
"186";"RudaŒl¹ska(1)";7
"187";"Rybnik(1)";9
"188";"Sosnowiec(1)";2
"189";"¯ory(1)";1
"190";"Bodzentyn(3)";8
"191";"Mas³ów(2)";1
"192";"MiedzianaGóra(2)";4
"193";"NowaS³upia(2)";7
"194";"Raków(2)";7
"195";"OstrowiecŒwiêtokrzyski(1)";1
"196";"Suchedniów(3)";1
"197";"Starachowice(1)";2
"198";"Lidzbark(3)";10
"199";"E³k(1)";7
"200";"Kruklanki(2)";10
"201";"Ryn(3)";6
"202";"I³awa(2)";8
"203";"Kêtrzyn(1)";5
"204";"LidzbarkWarmiñski(2)";10
"205";"Sorkwity(2)";7
"206";"Nidzica(3)";10
"207";"Olecko(3)";5
"208";"Barczewo(3)";5
"209";"Biskupiec(3)";7
"210";"Dywity(2)";3
"211";"Gietrzwa³d(2)";5
"212";"Purda(2)";8
"213";"Stawiguda(2)";5
"214";"£ukta(2)";4
"215";"Mi³om³yn(3)";2
"216";"Mor¹g(3)";6
"217";"Orzysz(3)";8
"218";"Szczytno(1)";1
"219";"Jedwabno(2)";5
"220";"Pasym(3)";8
"221";"Lubasz(2)";8
"222";"GrodziskWielkopolski(3)";4
"223";"¯erków(3)";5
"224";"Osieczna(3)";7
"225";"Wijewo(2)";8
"226";"Miêdzychód(3)";8
"227";"Opalenica(3)";6
"228";"Zb¹szyñ(3)";1
"229";"OstrówWielkopolski(1)";9
"230";"Przygodzice(2)";10
"231";"KobylaGóra(2)";3
"232";"Go³uchów(2)";7
"233";"Pleszew(3)";1
"234";"Komorniki(2)";2
"235";"Kórnik(3)";4
"236";"Mosina(3)";4
"237";"Stêszew(3)";8
"238";"Swarzêdz(3)";1
"239";"Ostrowite(2)";3
"240";"Powidz(2)";7
"241";"Zaniemyœl(2)";8
"242";"W¹growiec(1)";5
"243";"Wrzeœnia(3)";6
"244";"Kalisz(1)";2
"245";"Leszno(1)";2
"246";"DrawskoPomorskie(3)";8
"247";"Goleniów(3)";6
"248";"Gryfino(3)";10
"249";"KamieñPomorski(3)";8
"250";"Barlinek(3)";5
"251";"Myœlibórz(3)";5
"252";"Police(3)";4
"253";"Stargard(1)";9
"254";"Kobylanka(2)";4
"255";"Szczecinek(1)";4
"256";"Po³czyn-Zdrój(3)";10
"257";"Wa³cz(1)";8
"258";"Boles³awiec(2)";2
"259";"Jerzmanowa(2)";1
"260";"JanowiceWielkie(2)";10
"261";"KamiennaGóra(2)";10
"262";"NowaRuda(1)";3
"263";"LewinK³odzki(2)";10
"264";"Krotoszyce(2)";2
"265";"Lubañ(1)";1
"266";"Lubañ(2)";10
"267";"Lubin(2)";2
"268";"Syców(3)";2
"269";"Twardogóra(3)";4
"270";"Przemków(3)";10
"271";"Strzelin(3)";2
"272";"Miêkinia(2)";1
"273";"Marcinowice(2)";1
"274";"Wo³ów(3)";10
"275";"Siechnice(3)";10
"276";"Bardo(3)";3
"277";"KamieniecZ¹bkowicki(2)";10
"278";"Z³otoryja(1)";6
"279";"Œwierzawa(3)";10
"280";"SolecKujawski(3)";6
"281";"Che³mno(2)";10
"282";"Golub-Dobrzyñ(2)";4
"283";"£asin(3)";10
"284";"Pakoœæ(3)";10
"285";"Strzelno(3)";10
"286";"PiotrkówKujawski(3)";10
"287";"Topólka(2)";10
"288";"Rypin(1)";1
"289";"Rogowo(2)";10
"290";"SêpólnoKrajeñskie(3)";2
"291";"Obrowo(2)";10
"292";"Œliwice(2)";10
"293";"Kowal(2)";6
"294";"£abiszyn(3)";5
"295";"Bia³aPodlaska(2)";6
"296";"Kodeñ(2)";10
"297";"Sawin(2)";10
"298";"Hrubieszów(2)";10
"299";"Modliborzyce(3)";2
"300";"Garbów(2)";9
"301";"£êczna(3)";1
"302";"£uków(1)";9
"303";"JózefównadWis³¹(2)";6
"304";"Karczmiska(2)";3
"305";"OpoleLubelskie(3)";4
"306";"Janowiec(2)";1
"307";"W¹wolnica(2)";10
"308";"¯yrzyn(2)";3
"309";"RadzyñPodlaski(1)";10
"310";"Ryki(3)";1
"311";"Urszulin(2)";10
"312";"Nielisz(2)";1
"313";"Witnica(3)";10
"314";"D¹bie(2)";10
"315";"KrosnoOdrzañskie(3)";1
"316";"BytomOdrzañski(3)";10
"317";"Otyñ(2)";3
"318";"Cybinka(3)";3
"319";"Dobiegniew(3)";10
"320";"Zb¹szynek(3)";9
"321";"Babimost(3)";10
"322";"Zabór(2)";10
"323";"I³owa(3)";1
"324";"Szprotawa(3)";9
"325";"Brody(2)";10
"326";"Trzebiel(2)";3
"327";"Tuplice(2)";10
"328";"¯ary(2)";8
"329";"£êczyca(2)";2
"330";"Rzgów(3)";9
"331";"¯arnów(2)";3
"332";"D³utów(2)";10
"333";"Dzia³oszyn(3)";6
"334";"Rêczno(2)";10
"335";"Poddêbice(3)";10
"336";"Przedbórz(3)";10
"337";"Bia³aRawska(3)";9
"338";"RawaMazowiecka(2)";9
"339";"Burzenin(2)";10
"340";"Sieradz(2)";2
"341";"Warta(3)";4
"342";"Wróblew(2)";10
"343";"Wieluñ(3)";9
"344";"Ozorków(1)";10
"345";"Ozorków(2)";6
"346";"LipnicaMurowana(2)";1
"347";"£apanów(2)";3
"348";"Bobowa(3)";10
"349";"Skawina(3)";2
"350";"Su³oszowa(2)";10
"351";"Dobra(2)";10
"352";"Laskowa(2)";9
"353";"Ksi¹¿Wielki(2)";4
"354";"Miechów(3)";1
"355";"Tokarnia(2)";6
"356";"Grybów(2)";5
"357";"£abowa(2)";3
"358";"£ososinaDolna(2)";2
"359";"RabaWy¿na(2)";1
"360";"Klucze(2)";6
"361";"Osiek(2)";2
"362";"Bystra-Sidzina(2)";8
"363";"Zembrzyce(2)";10
"364";"Tarnów(2)";9
"365";"Wojnicz(3)";10
"366";"Stryszów(2)";5
"367";"Tomice(2)";9
"368";"Ciechanów(2)";10
"369";"Gostynin(1)";10
"370";"Garbatka-Letnisko(2)";10
"371";"Halinów(3)";6
"372";"MiñskMazowiecki(2)";4
"373";"M³awa(1)";1
"374";"Nasielsk(3)";1
"375";"Zakroczym(3)";3
"376";"Otwock(1)";1
"377";"Osieck(2)";1
"378";"S³upno(2)";9
"379";"Wyszogród(3)";10
"380";"P³oñsk(1)";9
"381";"NoweMiasto(2)";10
"382";"Przasnysz(1)";6
"383";"Kowala(2)";5
"384";"Zakrzew(2)";4
"385";"Kotuñ(2)";10
"386";"Siedlce(2)";6
"387";"Sierpc(2)";6
"388";"Szczutowo(2)";10
"389";"Soko³ówPodlaski(1)";10
"390";"Repki(2)";10
"391";"Chlewiska(2)";1
"392";"Oroñsko(2)";2
"393";"Kampinos(2)";10
"394";"Leszno(2)";10
"395";"Wêgrów(1)";9
"396";"Z¹bki(1)";5
"397";"Radzymin(3)";3
"398";"Wo³omin(3)";7
"399";"Somianka(2)";10
"400";"Zwoleñ(3)";1
"401";"Mszczonów(3)";9
"402";"Grodków(3)";9
"403";"Paw³owiczki(2)";9
"404";"Krapkowice(3)";2
"405";"Dobrodzieñ(3)";1
"406";"GorzówŒl¹ski(3)";9
"407";"Rudniki(2)";3
"408";"Ozimek(3)";2
"409";"Jaros³aw(2)";9
"410";"Paw³osiów(2)";10
"411";"Nowy¯migród(2)";10
"412";"Kolbuszowa(3)";4
"413";"Lubaczów(2)";10
"414";"Narol(3)";10
"415";"Oleszyce(3)";10
"416";"Bia³obrzegi(2)";10
"417";"Rakszawa(2)";10
"418";"¯o³ynia(2)";10
"419";"Harasiuki(2)";10
"420";"Nisko(3)";10
"421";"Fredropol(2)";10
"422";"Ropczyce(3)";3
"423";"Kamieñ(2)";3
"424";"Krasne(2)";3
"425";"Lubenia(2)";4
"426";"Œwilcza(2)";9
"427";"RadomyœlnadSanem(2)";6
"428";"Frysztak(2)";10
"429";"Strzy¿ów(3)";9
"430";"CzarnaBia³ostocka(3)";10
"431";"Gródek(2)";2
"432";"JuchnowiecKoœcielny(2)";4
"433";"Sura¿(3)";3
"434";"BielskPodlaski(2)";6
"435";"£om¿a(2)";1
"436";"Nowogród(3)";10
"437";"Pi¹tnica(2)";4
"438";"Moñki(3)";8
"439";"Trzcianne(2)";3
"440";"Sejny(1)";1
"441";"Puñsk(2)";10
"442";"Mielnik(2)";10
"443";"Jeleniewo(2)";10
"444";"Rutka-Tartak(2)";10
"445";"Brusy(3)";10
"446";"Cz³uchów(2)";10
"447";"Kocza³a(2)";10
"448";"Tr¹bkiWielkie(2)";10
"449";"Lêbork(1)";5
"450";"Malbork(2)";10
"451";"DêbnicaKaszubska(2)";10
"452";"Potêgowo(2)";10
"453";"S³upsk(2)";10
"454";"Skórcz(2)";10
"455";"Luzino(2)";1
"456";"£êczyce(2)";4
"457";"Siewierz(3)";1
"458";"S³awków(1)";10
"459";"Czechowice-Dziedzice(3)";5
"460";"Jasienica(2)";3
"461";"Strumieñ(3)";10
"462";"Zebrzydowice(2)";6
"463";"Olsztyn(2)";10
"464";"Pyskowice(1)";6
"465";"Giera³towice(2)";2
"466";"WoŸniki(3)";2
"467";"Kozieg³owy(3)";4
"468";"Poraj(2)";1
"469";"Kobiór(2)";6
"470";"Paw³owice(2)";1
"471";"KuŸniaRaciborska(3)";9
"472";"Czerwionka-Leszczyny(3)";2
"473";"Radzionków(1)";10
"474";"O¿arowice(2)";2
"475";"Bieruñ(1)";2
"476";"Pszów(1)";10
"477";"W³odowice(2)";10
"478";"Lipowa(2)";1
"479";"Œlemieñ(2)";10
"480";"Œwiêtoch³owice(1)";8
"481";"Sêdziszów(3)";4
"482";"Opatowiec(2)";9
"483";"Strawczyn(2)";5
"484";"RudaMaleniecka(2)";3
"485";"Iwaniska(2)";3
"486";"Ba³tów(2)";10
"487";"Bodzechów(2)";6
"488";"Brody(2)";10
"489";"Szyd³ów(2)";10
"490";"Elbl¹g(2)";10
"491";"Pas³êk(3)";10
"492";"Lubawa(1)";4
"493";"Lubawa(2)";9
"494";"Susz(3)";10
"495";"NoweMiastoLubawskie(1)";10
"496";"Grodziczno(2)";3
"497";"DobreMiasto(3)";1
"498";"Bia³aPiska(3)";3
"499";"DŸwierzuty(2)";10
"500";"Chodzie¿(2)";9
"501";"Szamocin(3)";10
"502";"Czarnków(2)";10
"503";"Gniezno(2)";5
"504";"£ubowo(2)";9
"505";"Ceków-Kolonia(2)";10
"506";"KoŸminek(2)";1
"507";"Stawiszyn(3)";6
"508";"¯elazków(2)";5
"509";"Kêpno(3)";1
"510";"Ko³o(1)";4
"511";"Grzegorzew(2)";10
"512";"Kleczew(3)";3
"513";"Krzymów(2)";10
"514";"Skulsk(2)";10
"515";"Koœcian(1)";1
"516";"KoŸminWielkopolski(3)";10
"517";"Lipno(2)";1
"518";"Œwiêciechowa(2)";2
"519";"Kuœlin(2)";1
"520";"Miedzichowo(2)";10
"521";"NoweSkalmierzyce(3)";9
"522";"Szyd³owo(2)";10
"523";"Giza³ki(2)";10
"524";"Kleszczewo(2)";10
"525";"Kostrzyn(3)";10
"526";"MurowanaGoœlina(3)";5
"527";"Bojanowo(3)";10
"528";"L¹dek(2)";10
"529";"Szamotu³y(3)";4
"530";"NoweMiastonadWart¹(2)";1
"531";"Dolsk(3)";10
"532";"Dobra(3)";10
"533";"Siedlec(2)";10
"534";"Jastrowie(3)";10
"535";"Tarnówka(2)";3
"536";"Zakrzewo(2)";10
"537";"Z³otów(2)";10
"538";"Maszewo(3)";4
"539";"Stepnica(3)";10
"540";"Œwierzno(2)";10
"541";"Goœcino(3)";10
"542";"Manowo(2)";10
"543";"Polanów(3)";2
"544";"Dobra(Szczeciñska)(2)";9
"545";"Pyrzyce(3)";4
"546";"Malechowo(2)";10
"547";"Dobrzany(3)";10
"548";"Wa³cz(2)";10
"549";"Wêgorzyno(3)";10
"550";"Nowogrodziec(3)";10
"551";"¯ukowice(2)";10
"552";"Jemielno(2)";3
"553";"Mœciwojów(2)";10
"554";"Je¿ówSudecki(2)";10
"555";"StaraKamienica(2)";9
"556";"Marciszów(2)";10
"557";"Kunice(2)";10
"558";"Mi³kowice(2)";10
"559";"Œcinawa(3)";3
"560";"GryfówŒl¹ski(3)";9
"561";"Oleœnica(2)";9
"562";"O³awa(2)";9
"563";"Chocianów(3)";10
"564";"Wi¹zów(3)";10
"565";"Kostom³oty(2)";9
"566";"JaworzynaŒl¹ska(3)";10
"567";"¯arów(3)";10
"568";"Prusice(3)";10
"569";"CzarnyBór(2)";10
"570";"G³uszyca(3)";10
"571";"StareBogaczowice(2)";10
"572";"BrzegDolny(3)";9
"573";"Czernica(2)";9
"574";"Ciep³owody(2)";10
"575";"Z¹bkowiceŒl¹skie(3)";10
"576";"Wêgliniec(3)";3
"577";"Wojcieszów(1)";10
"578";"Zagrodno(2)";10
"579";"AleksandrówKujawski(1)";9
"580";"Bobrowo(2)";3
"581";"D¹browaChe³miñska(2)";10
"582";"NowaWieœWielka(2)";9
"583";"Ciechocin(2)";9
"584";"Radomin(2)";10
"585";"Gniewkowo(3)";3
"586";"Inowroc³aw(2)";10
"587";"Janikowo(3)";10
"588";"DobrzyñnadWis³¹(3)";10
"589";"Kikó³(2)";9
"590";"Sadki(2)";10
"591";"Radziejów(2)";10
"592";"Bukowiec(2)";9
"593";"Dragacz(2)";3
"594";"Pruszcz(2)";3
"595";"Che³m¿a(1)";9
"596";"Che³m¿a(2)";10
"597";"Cekcyn(2)";3
"598";"IzbicaKujawska(3)";10
"599";"JanowiecWielkopolski(3)";10
"600";"Rogowo(2)";9
"601";"Terespol(1)";9
"602";"LeœnaPodlaska(2)";9
"603";"Rokitno(2)";10
"604";"S³awatycze(2)";10
"605";"Terespol(2)";10
"606";"Wisznice(2)";10
"607";"Bi³goraj(2)";10
"608";"Frampol(3)";10
"609";"Ksiê¿pol(2)";10
"610";"Tarnogród(3)";3
"611";"Tereszpol(2)";10
"612";"Che³m(2)";10
"613";"Dorohusk(2)";10
"614";"Mircze(2)";10
"615";"Werbkowice(2)";10
"616";"Izbica(2)";10
"617";"Krasnystaw(2)";10
"618";"Kraœnik(1)";10
"619";"Annopol(3)";10
"620";"Wilko³az(2)";9
"621";"Kock(3)";10
"622";"NiedŸwiada(2)";10
"623";"OstrówLubelski(3)";10
"624";"Uœcimów(2)";10
"625";"Wólka(2)";3
"626";"Zakrzew(2)";10
"627";"Milejów(2)";10
"628";"Puchaczów(2)";10
"629";"Stoczek£ukowski(1)";10
"630";"£uków(2)";10
"631";"Kurów(2)";10
"632";"K¹kolewnica(2)";10
"633";"KomarówkaPodlaska(2)";10
"634";"RadzyñPodlaski(2)";3
"635";"Dêblin(1)";10
"636";"Trawniki(2)";9
"637";"LubyczaKrólewska(3)";9
"638";"StaryBrus(2)";10
"639";"Grabowiec(2)";10
"640";"Szczebrzeszyn(3)";10
"641";"Deszczno(2)";10
"642";"Lubiszyn(2)";10
"643";"Santok(2)";3
"644";"Bytnica(2)";10
"645";"NowaSól(2)";10
"646";"NoweMiasteczko(3)";3
"647";"Krzeszyce(2)";3
"648";"Bojad³a(2)";10
"649";"Czerwieñsk(3)";10
"650";"NowogródBobrzañski(3)";10
"651";"¯agañ(1)";9
"652";"¯agañ(2)";10
"653";"£êknica(1)";3
"654";"Szlichtyngowa(3)";10
"655";"Kluki(2)";9
"656";"Zelów(3)";10
"657";"Kroœniewice(3)";10
"658";"Strzelce(2)";9
"659";"Wodzierady(2)";9
"660";"£êczyca(1)";10
"661";"Bielawy(2)";10
"662";"Koluszki(3)";10
"663";"Drzewica(3)";9
"664";"Dobroñ(2)";9
"665";"Ksawerów(2)";10
"666";"NowaBrzeŸnica(2)";10
"667";"Pajêczno(3)";10
"668";"Siemkowice(2)";10
"669";"Aleksandrów(2)";10
"670";"WolaKrzysztoporska(2)";9
"671";"Zadzim(2)";9
"672";"Dobryszyce(2)";10
"673";"Gidle(2)";10
"674";"Gomunice(2)";9
"675";"£adzice(2)";3
"676";"Radomsko(2)";10
"677";"B³aszki(3)";10
"678";"BrzeŸnio(2)";10
"679";"Klonowa(2)";10
"680";"Bolimów(2)";10
"681";"LipceReymontowskie(2)";10
"682";"Skierniewice(2)";10
"683";"Ujazd(2)";3
"684";"Konopnica(2)";10
"685";"Boles³awiec(2)";10
"686";"Czastary(2)";10
"687";"Galewice(2)";10
"688";"Lututów(2)";3
"689";"Sokolniki(2)";10
"690";"Brzeziny(1)";10
"691";"Dmosin(2)";10
"692";"Skierniewice(1)";10
"693";"Bochnia(2)";9
"694";"NowyWiœnicz(3)";9
"695";"Dêbno(2)";9
"696";"Gnojnik(2)";9
"697";"Libi¹¿(3)";10
"698";"Olesno(2)";10
"699";"Gorlice(2)";10
"700";"Ropa(2)";9
"701";"Kocmyrzów-Luborzyca(2)";10
"702";"Liszki(2)";9
"703";"S³omniki(3)";10
"704";"Limanowa(2)";10
"705";"Charsznica(2)";9
"706";"Rac³awice(2)";9
"707";"Lubieñ(2)";10
"708";"Raciechowice(2)";10
"709";"Siepraw(2)";10
"710";"Wiœniowa(2)";10
"711";"Grybów(1)";10
"712";"Nawojowa(2)";10
"713";"Spytkowice(2)";9
"714";"Bukowno(1)";10
"715";"Oœwiêcim(2)";10
"716";"Koszyce(2)";9
"717";"Proszowice(3)";9
"718";"Jordanów(1)";10
"719";"Jordanów(2)";10
"720";"Gromnik(2)";10
"721";"Rad³ów(3)";9
"722";"Skrzyszów(2)";9
"723";"Wierzchos³awice(2)";10
"724";"Zakliczyn(3)";3
"725";"¯abno(3)";9
"726";"BrzeŸnica(2)";9
"727";"Biskupice(2)";9
"728";"Promna(2)";10
"729";"StaraB³otnica(2)";10
"730";"Garwolin(1)";10
"731";"Garwolin(2)";9
"732";"Maciejowice(2)";10
"733";"Pilawa(3)";9
"734";"Sobolew(2)";9
"735";"PodkowaLeœna(1)";3
"736";"GrabównadPilic¹(2)";3
"737";"Jab³onna(2)";10
"738";"Wieliszew(2)";9
"739";"Ciepielów(2)";10
"740";"SolecnadWis³¹(2)";10
"741";"£osice(3)";10
"742";"MakówMazowiecki(1)";10
"743";"Czerwonka(2)";10
"744";"Ró¿an(3)";10
"745";"DêbeWielkie(2)";10
"746";"Sulejówek(1)";10
"747";"Strzegowo(2)";9
"748";"WieczfniaKoœcielna(2)";9
"749";"Czosnów(2)";9
"750";"Czarnia(2)";10
"751";"£yse(2)";10
"752";"Olszewo-Borki(2)";9
"753";"Rzekuñ(2)";9
"754";"Nur(2)";10
"755";"OstrówMazowiecka(2)";10
"756";"Sobienie-Jeziory(2)";9
"757";"Pra¿mów(2)";10
"758";"Bodzanów(2)";10
"759";"G¹bin(3)";10
"760";"S³ubice(2)";9
"761";"StaraBia³a(2)";10
"762";"Dzierz¹¿nia(2)";10
"763";"Sochocin(2)";9
"764";"Za³uski(2)";9
"765";"Rusinów(2)";10
"766";"Pionki(1)";10
"767";"I³¿a(3)";10
"768";"Jastrzêbia(2)";10
"769";"Jedlnia-Letnisko(2)";9
"770";"Przytyk(2)";10
"771";"Wolanów(2)";9
"772";"Mokobody(2)";10
"773";"Zbuczyn(2)";10
"774";"Gozdowo(2)";10
"775";"Sochaczew(1)";9
"776";"Rybno(2)";10
"777";"Bielany(2)";10
"778";"Jab³onnaLacka(2)";10
"779";"Liw(2)";10
"780";"£ochów(3)";9
"781";"Jadów(2)";10
"782";"Poœwiêtne(2)";9
"783";"T³uszcz(3)";9
"784";"Brañszczyk(2)";9
"785";"Zabrodzie(2)";3
"786";"Bie¿uñ(3)";10
"787";"Lubowidz(2)";10
"788";"Lubsza(2)";10
"789";"Branice(2)";10
"790";"PolskaCerekiew(2)";10
"791";"ReñskaWieœ(2)";9
"792";"Wo³czyn(3)";10
"793";"Strzeleczki(2)";9
"794";"Wilków(2)";10
"795";"Kamiennik(2)";10
"796";"Pakos³awice(2)";9
"797";"Zêbowice(2)";10
"798";"Murów(2)";10
"799";"Niemodlin(3)";3
"800";"Popielów(2)";10
"801";"TarnówOpolski(2)";10
"802";"Bia³a(3)";3
"803";"StrzelceOpolskie(3)";9
"804";"Zawadzkie(3)";10
"805";"Dydnia(2)";10
"806";"Radymno(1)";9
"807";"Ch³opice(2)";10
"808";"Rokietnica(2)";9
"809";"RoŸwienica(2)";10
"810";"Dêbowiec(2)";10
"811";"Ko³aczyce(3)";9
"812";"Sko³yszyn(2)";10
"813";"Cmolas(2)";10
"814";"MajdanKrólewski(2)";9
"815";"Chorkówka(2)";10
"816";"MiejscePiastowe(2)";10
"817";"Wojaszówka(2)";10
"818";"Le¿ajsk(2)";10
"819";"Lubaczów(1)";9
"820";"Czermin(2)";10
"821";"Gaw³uszowice(2)";10
"822";"Mielec(2)";9
"823";"RadomyœlWielki(3)";10
"824";"RudniknadSanem(3)";10
"825";"Ulanów(3)";9
"826";"Bircza(2)";9
"827";"Dubiecko(2)";9
"828";"Krzywcza(2)";10
"829";"Medyka(2)";10
"830";"Przemyœl(2)";10
"831";"¯urawica(2)";9
"832";"Adamówka(2)";10
"833";"JawornikPolski(2)";10
"834";"Sieniawa(3)";9
"835";"Zarzecze(2)";10
"836";"Chmielnik(2)";10
"837";"Dynów(2)";3
"838";"Hy¿ne(2)";10
"839";"Soko³ówMa³opolski(3)";10
"840";"Tyczyn(3)";10
"841";"Besko(2)";9
"842";"Bukowsko(2)";10
"843";"Gorzyce(2)";3
"844";"Augustów(2)";10
"845";"DobrzyniewoDu¿e(2)";10
"846";"£apy(3)";10
"847";"Grajewo(1)";10
"848";"Grajewo(2)";10
"849";"Szczuczyn(3)";10
"850";"Hajnówka(2)";10
"851";"Kolno(1)";9
"852";"Kolno(2)";3
"853";"Turoœl(2)";10
"854";"Miastkowo(2)";10
"855";"Œniadowo(2)";10
"856";"Jaœwi³y(2)";10
"857";"Krypno(2)";10
"858";"Siemiatycze(2)";10
"859";"D¹browaBia³ostocka(3)";10
"860";"Krynki(3)";10
"861";"Baka³arzewo(2)";10
"862";"Filipów(2)";10
"863";"Raczki(2)";10
"864";"Wi¿ajny(2)";10
"865";"WysokieMazowieckie(1)";9
"866";"Szepietowo(3)";10
"867";"Lipnica(2)";10
"868";"Trzebielino(2)";10
"869";"Tuchomie(2)";10
"870";"Konarzyny(2)";10
"871";"Czarne(3)";10
"872";"Debrzno(3)";10
"873";"Przodkowo(2)";10
"874";"Gardeja(2)";3
"875";"Kwidzyn(2)";10
"876";"Prabuty(3)";10
"877";"NowaWieœLêborska(2)";10
"878";"StarePole(2)";10
"879";"Damnica(2)";10
"880";"CzarnaWoda(3)";10
"881";"StarogardGdañski(1)";9
"882";"Dzierzgoñ(3)";10
"883";"StaryDzierzgoñ(2)";10
"884";"StaryTarg(2)";10
"885";"Sztum(3)";10
"886";"Psary(2)";10
"887";"Buczkowice(2)";3
"888";"Por¹bka(2)";10
"889";"Wilamowice(3)";10
"890";"Chybie(2)";10
"891";"Dêbowiec(2)";10
"892";"Skoczów(3)";10
"893";"Blachownia(3)";3
"894";"K³omnice(2)";10
"895";"Kruszyna(2)";10
"896";"Poczesna(2)";9
"897";"Przyrów(2)";10
"898";"Soœnicowice(3)";9
"899";"K³obuck(3)";10
"900";"Opatów(2)";10
"901";"Przystajñ(2)";10
"902";"WrêczycaWielka(2)";10
"903";"£aziskaGórne(1)";9
"904";"Orzesze(1)";9
"905";"Myszków(1)";9
"906";"Krzanowice(3)";10
"907";"Krzy¿anowice(2)";9
"908";"Nêdza(2)";10
"909";"Kalety(1)";10
"910";"KrupskiM³yn(2)";9
"911";"Lêdziny(1)";9
"912";"Gorzyce(2)";10
"913";"Mszana(2)";3
"914";"Irz¹dze(2)";10
"915";"Koszarawa(2)";10
"916";"Jêdrzejów(3)";10
"917";"Oksa(2)";10
"918";"Wodzis³aw(2)";10
"919";"KazimierzaWielka(3)";9
"920";"Chmielnik(3)";9
"921";"£agów(2)";10
"922";"Mniów(2)";9
"923";"Morawica(3)";9
"924";"Fa³ków(2)";10
"925";"Gowarczów(2)";9
"926";"St¹porków(3)";10
"927";"Sadowie(2)";9
"928";"Æmielów(3)";10
"929";"Kunów(3)";9
"930";"Dzia³oszyce(3)";10
"931";"Micha³ów(2)";9
"932";"Dwikozy(2)";9
"933";"Obrazów(2)";10
"934";"Paw³ów(2)";10
"935";"Osiek(3)";9
"936";"Rytwiany(2)";9
"937";"Krasocin(2)";10
"938";"Moskorzew(2)";3
"939";"Bartoszyce(1)";9
"940";"Bisztynek(3)";3
"941";"Lelkowo(2)";10
"942";"Dzia³dowo(2)";10
"943";"Godkowo(2)";9
"944";"Wydminy(2)";10
"945";"Kêtrzyn(2)";10
"946";"Kiwity(2)";10
"947";"Janowo(2)";10
"948";"KowaleOleckie(2)";3
"949";"Jeziorany(3)";10
"950";"Jonkowo(2)";10
"951";"Grunwald(2)";3
"952";"Rozogi(2)";10
"953";"Dubeninki(2)";10
"954";"Czarnków(1)";9
"955";"Wieleñ(3)";10
"956";"Mieleszyn(2)";3
"957";"Krobia(3)";10
"958";"Pêpowo(2)";10
"959";"Poniec(3)";10
"960";"Granowo(2)";3
"961";"Kamieniec(2)";10
"962";"Rakoniewice(3)";10
"963";"Wielichowo(3)";9
"964";"Blizanów(2)";9
"965";"Bralin(2)";3
"966";"£êkaOpatowska(2)";10
"967";"Perzów(2)";10
"968";"D¹bie(3)";10
"969";"Ko³o(2)";9
"970";"Rzgów(2)";9
"971";"Czempiñ(3)";3
"972";"Œmigiel(3)";10
"973";"Zduny(3)";9
"974";"Lwówek(3)";10
"975";"OstrówWielkopolski(2)";9
"976";"Bia³oœliwie(2)";10
"977";"Buk(3)";10
"978";"Rokietnica(2)";3
"979";"S³upca(1)";10
"980";"S³upca(2)";10
"981";"Zagórów(3)";10
"982";"Obrzycko(1)";10
"983";"Duszniki(2)";9
"984";"Brodnica(2)";10
"985";"W¹growiec(2)";10
"986";"Lipka(2)";10
"987";"Bia³ogard(1)";10
"988";"Bia³ogard(2)";3
"989";"Karlino(3)";10
"990";"Pe³czyce(3)";10
"991";"Wierzchowo(2)";10
"992";"Osina(2)";9
"993";"Przybiernów(2)";10
"994";"Karnice(2)";10
"995";"Mieszkowice(3)";10
"996";"Widuchowa(2)";10
"997";"Dygowo(2)";10
"998";"Rymañ(2)";9
"999";"Bobolice(3)";10
"1000";"Œwieszyno(2)";9
"1001";"Boleszkowice(2)";3
"1002";"Przelewice(2)";10
"1003";"Warnice(2)";3
"1004";"S³awno(1)";9
"1005";"Chociwel(3)";10
"1006";"Dolice(2)";10
"1007";"Marianowo(2)";10
"1008";"Barwice(3)";10
"1009";"BorneSulinowo(3)";10
"1010";"Szczecinek(2)";10
"1011";"Brze¿no(2)";10
"1012";"Œwidwin(2)";10
"1013";"Resko(3)";3
"1014";"Osiecznica(2)";10
"1015";"Bielawa(1)";2
"1016";"Dzier¿oniów(1)";2
"1017";"Pieszyce(3)";10
"1018";"G³ogów(1)";5
"1019";"KamiennaGóra(1)";9
"1020";"K³odzko(1)";2
"1021";"K³odzko(2)";1
"1022";"Chojnów(2)";10
"1023";"LegnickiePole(2)";3
"1024";"Lubomierz(3)";10
"1025";"Mirsk(3)";8
"1026";"Wleñ(3)";10
"1027";"Kroœnice(2)";8
"1028";"Oleœnica(1)";9
"1029";"Jelcz-Laskowice(3)";1
"1030";"Polkowice(3)";1
"1031";"ŒrodaŒl¹ska(3)";1
"1032";"Œwiebodzice(1)";4
"1033";"Œwidnica(2)";7
"1034";"D³ugo³êka(2)";4
"1035";"K¹tyWroc³awskie(3)";10
"1036";"Stoszowice(2)";5
"1037";"Z³otyStok(3)";8
"1038";"Bogatynia(3)";1
"1039";"AleksandrówKujawski(2)";6
"1040";"Brodnica(1)";1
"1041";"Brodnica(2)";10
"1042";"Brzozie(2)";9
"1043";"Górzno(3)";4
"1044";"Bia³eB³ota(2)";2
"1045";"Sicienko(2)";4
"1046";"Golub-Dobrzyñ(1)";4
"1047";"Grudzi¹dz(2)";7
"1048";"JezioraWielkie(2)";10
"1049";"Mogilno(3)";8
"1050";"Nak³onadNoteci¹(3)";10
"1051";"KamieñKrajeñski(3)";7
"1052";"Nowe(3)";6
"1053";"Œwiecie(3)";4
"1054";"Warlubie(2)";1
"1055";"WielkaNieszawka(2)";9
"1056";"Z³awieœWielka(2)";10
"1057";"Gostycyn(2)";10
"1058";"Tuchola(3)";1
"1059";"W¹brzeŸno(1)";10
"1060";"Ryñsk(2)";3
"1061";"MiêdzyrzecPodlaski(1)";5
"1062";"Zalesie(2)";4
"1063";"Bi³goraj(1)";4
"1064";"Józefów(3)";8
"1065";"Dubienka(2)";10
"1066";"Hrubieszów(1)";1
"1067";"Lubartów(1)";10
"1068";"Lubartów(2)";1
"1069";"G³usk(2)";4
"1070";"Konopnica(2)";1
"1071";"NiedrzwicaDu¿a(2)";2
"1072";"Niemce(2)";8
"1073";"Ludwin(2)";8
"1074";"Spiczyn(2)";10
"1075";"Poniatowa(3)";2
"1076";"Sosnowica(2)";8
"1077";"Koñskowola(2)";10
"1078";"TomaszówLubelski(1)";5
"1079";"TomaszówLubelski(2)";2
"1080";"WolaUhruska(2)";10
"1081";"Zamoœæ(2)";1
"1082";"KostrzynnadOdr¹(1)";1
"1083";"K³odawa(2)";10
"1084";"Gubin(1)";5
"1085";"Bobrowice(2)";8
"1086";"Gubin(2)";10
"1087";"Bledzew(2)";10
"1088";"Przytoczna(2)";10
"1089";"Skwierzyna(3)";5
"1090";"NowaSól(1)";1
"1091";"Górzyca(2)";10
"1092";"S³oñsk(2)";3
"1093";"Sulêcin(3)";10
"1094";"Kargowa(3)";10
"1095";"Sulechów(3)";1
"1096";"¯ary(1)";1
"1097";"Be³chatów(1)";1
"1098";"Kutno(2)";1
"1099";"£owicz(1)";4
"1100";"Nieborów(2)";10
"1101";"Andrespol(2)";7
"1102";"Opoczno(3)";1
"1103";"Konstantynów£ódzki(1)";7
"1104";"RawaMazowiecka(1)";8
"1105";"Sieradz(1)";6
"1106";"Wierzchlas(2)";10
"1107";"Wieruszów(3)";3
"1108";"ZduñskaWola(2)";6
"1109";"Aleksandrów£ódzki(3)";6
"1110";"Brzeziny(2)";5
"1111";"¯egocina(2)";10
"1112";"Czchów(3)";8
"1113";"Trzebinia(3)";7
"1114";"D¹browaTarnowska(3)";4
"1115";"Biecz(3)";2
"1116";"Sêkowa(2)";5
"1117";"Jerzmanowice-Przeginia(2)";1
"1118";"Krzeszowice(3)";7
"1119";"Ska³a(3)";8
"1120";"Zielonki(2)";10
"1121";"Kamienica(2)";10
"1122";"Tymbark(2)";10
"1123";"Pcim(2)";4
"1124";"Su³kowice(3)";9
"1125";"£¹cko(2)";10
"1126";"Jab³onka(2)";7
"1127";"Olkusz(3)";5
"1128";"Wolbrom(3)";5
"1129";"Kêty(3)";9
"1130";"Zator(3)";10
"1131";"NoweBrzesko(3)";2
"1132";"SuchaBeskidzka(1)";6
"1133";"Ciê¿kowice(3)";10
"1134";"LisiaGóra(2)";1
"1135";"Tuchów(3)";10
"1136";"Lanckorona(2)";4
"1137";"Wadowice(3)";1
"1138";"Gdów(2)";9
"1139";"K³aj(2)";9
"1140";"Bia³obrzegi(3)";4
"1141";"Glinojeck(3)";9
"1142";"Trojanów(2)";7
"1143";"¯abiaWola(2)";4
"1144";"Grójec(3)";1
"1145";"NoweMiastonadPilic¹(3)";6
"1146";"MiñskMazowiecki(1)";2
"1147";"Siennica(2)";6
"1148";"Pomiechówek(2)";5
"1149";"Myszyniec(3)";10
"1150";"Brok(3)";10
"1151";"Józefów(1)";2
"1152";"GóraKalwaria(3)";2
"1153";"Lesznowola(2)";5
"1154";"NowyDuninów(2)";10
"1155";"P³oñsk(2)";9
"1156";"Pruszków(1)";9
"1157";"Micha³owice(2)";2
"1158";"Przasnysz(2)";10
"1159";"Przysucha(3)";8
"1160";"Pu³tusk(3)";9
"1161";"Jedliñsk(2)";6
"1162";"Teresin(2)";9
"1163";"Szyd³owiec(3)";1
"1164";"B³onie(3)";10
"1165";"£omianki(3)";3
"1166";"StareBabice(2)";9
"1167";"Koby³ka(1)";4
"1168";"Marki(1)";1
"1169";"Zielonka(1)";2
"1170";"Wyszków(3)";8
"1171";"¯yrardów(1)";7
"1172";"Ostro³êka(1)";1
"1173";"G³ubczyce(3)";5
"1174";"Byczyna(3)";4
"1175";"Chrz¹stowice(2)";5
"1176";"Prószków(3)";2
"1177";"G³ogówek(3)";10
"1178";"Prudnik(3)";4
"1179";"Czarna(2)";7
"1180";"Dêbica(2)";10
"1181";"Pilzno(3)";1
"1182";"¯yraków(2)";4
"1183";"Pruchnik(3)";10
"1184";"Wi¹zownica(2)";10
"1185";"Krempna(2)";10
"1186";"Jedlicze(3)";2
"1187";"Korczyna(2)";4
"1188";"Le¿ajsk(1)";5
"1189";"Kury³ówka(2)";3
"1190";"NowaSarzyna(3)";1
"1191";"Cieszanów(3)";8
"1192";"£añcut(2)";1
"1193";"Krasiczyn(2)";2
"1194";"Przeworsk(1)";4
"1195";"Iwierzyce(2)";1
"1196";"Ostrów(2)";7
"1197";"Boguchwa³a(3)";9
"1198";"Zagórz(3)";6
"1199";"Czudec(2)";10
"1200";"NowaDêba(3)";2
"1201";"Olszanica(2)";10
"1202";"Choroszcz(3)";6
"1203";"Wasilków(3)";10
"1204";"BielskPodlaski(1)";1
"1205";"Hajnówka(1)";4
"1206";"Narew(2)";10
"1207";"Narewka(2)";10
"1208";"Wizna(2)";10
"1209";"Goni¹dz(3)";3
"1210";"Krasnopol(2)";10
"1211";"Sejny(2)";10
"1212";"Siemiatycze(1)";4
"1213";"Drohiczyn(3)";4
"1214";"Sokó³ka(3)";10
"1215";"Suchowola(3)";8
"1216";"Szypliszki(2)";10
"1217";"Zambrów(1)";10
"1218";"CzarnaD¹brówka(2)";10
"1219";"Miastko(3)";10
"1220";"Parchowo(2)";10
"1221";"Studzienice(2)";10
"1222";"PruszczGdañski(1)";1
"1223";"Pszczó³ki(2)";1
"1224";"¯ukowo(3)";10
"1225";"Dziemiany(2)";7
"1226";"StaraKiszewa(2)";5
"1227";"G³ówczyce(2)";10
"1228";"Kobylnica(2)";10
"1229";"Smo³dzino(2)";10
"1230";"Osiek(2)";10
"1231";"Skarszewy(3)";10
"1232";"StarogardGdañski(2)";10
"1233";"Tczew(1)";6
"1234";"Pelplin(3)";6
"1235";"Tczew(2)";10
"1236";"Reda(1)";1
"1237";"Gniewino(2)";1
"1238";"Wejherowo(2)";6
"1239";"Bêdzin(1)";1
"1240";"CzeladŸ(1)";9
"1241";"Mierzêcice(2)";1
"1242";"Jaworze(2)";1
"1243";"Wilkowice(2)";3
"1244";"Janów(2)";4
"1245";"Rudziniec(2)";1
"1246";"Popów(2)";10
"1247";"Lubliniec(1)";1
"1248";"Kochanowice(2)";4
"1249";"Miko³ów(1)";1
"1250";"Niegowa(2)";1
"1251";"¯arki(3)";10
"1252";"Gocza³kowice-Zdrój(2)";5
"1253";"Wodzis³awŒl¹ski(1)";6
"1254";"Ogrodzieniec(3)";2
"1255";"Pilica(3)";10
"1256";"Gilowice(2)";10
"1257";"Œwinna(2)";1
"1258";"Jastrzêbie-Zdrój(1)";6
"1259";"SiemianowiceŒl¹skie(1)";1
"1260";"Stopnica(3)";2
"1261";"Ma³ogoszcz(3)";8
"1262";"Nag³owice(2)";8
"1263";"Bieliny(2)";8
"1264";"Chêciny(3)";7
"1265";"Daleszyce(3)";7
"1266";"Górno(2)";1
"1267";"£opuszno(2)";5
"1268";"Piekoszów(2)";9
"1269";"Sitkówka-Nowiny(2)";5
"1270";"Zagnañsk(2)";7
"1271";"Opatów(3)";4
"1272";"Piñczów(3)";5
"1273";"Skar¿ysko-Kamienna(1)";1
"1274";"Staszów(3)";4
"1275";"W³oszczowa(3)";4
"1276";"Bartoszyce(2)";3
"1277";"Braniewo(1)";6
"1278";"Frombork(3)";6
"1279";"Dzia³dowo(1)";9
"1280";"Rybno(2)";10
"1281";"Tolkmicko(3)";2
"1282";"E³k(2)";10
"1283";"StareJuchy(2)";10
"1284";"Mi³ki(2)";3
"1285";"Zalewo(3)";8
"1286";"Reszel(3)";2
"1287";"LidzbarkWarmiñski(1)";2
"1288";"Orneta(3)";5
"1289";"Kolno(2)";8
"1290";"D¹brówno(2)";8
"1291";"Mi³akowo(3)";8
"1292";"Szczytno(2)";10
"1293";"Œwiêtajno(2)";8
"1294";"Pozezdrze(2)";8
"1295";"Chodzie¿(1)";4
"1296";"Budzyñ(2)";1
"1297";"Margonin(3)";5
"1298";"Krzy¿Wielkopolski(3)";10
"1299";"Trzcianka(3)";6
"1300";"Trzemeszno(3)";5
"1301";"Gostyñ(3)";2
"1302";"Opatówek(3)";4
"1303";"K³odawa(3)";10
"1304";"Koœcielec(2)";2
"1305";"Kramsk(2)";10
"1306";"StareMiasto(2)";3
"1307";"Wilczyn(2)";8
"1308";"Koœcian(2)";6
"1309";"Krzywiñ(3)";8
"1310";"Krotoszyn(3)";1
"1311";"Krzemieniewo(2)";4
"1312";"Rydzyna(3)";1
"1313";"ChrzypskoWielkie(2)";5
"1314";"Kwilcz(2)";10
"1315";"NowyTomyœl(3)";1
"1316";"Oborniki(3)";8
"1317";"RogoŸno(3)";5
"1318";"Odolanów(3)";10
"1319";"Ostrzeszów(3)";2
"1320";"£ob¿enica(3)";3
"1321";"Wyrzysk(3)";5
"1322";"Luboñ(1)";2
"1323";"Puszczykowo(1)";6
"1324";"Czerwonak(2)";4
"1325";"Pobiedziska(3)";6
"1326";"SuchyLas(2)";2
"1327";"Rawicz(3)";1
"1328";"Pniewy(3)";5
"1329";"Wronki(3)";2
"1330";"ŒrodaWielkopolska(3)";9
"1331";"Ksi¹¿Wielkopolski(3)";3
"1332";"Œrem(3)";9
"1333";"Turek(1)";5
"1334";"Skoki(3)";10
"1335";"Mi³os³aw(3)";4
"1336";"Nekla(3)";2
"1337";"Z³otów(1)";7
"1338";"Konin(1)";6
"1339";"Choszczno(3)";10
"1340";"Drawno(3)";10
"1341";"KaliszPomorski(3)";1
"1342";"Nowogard(3)";1
"1343";"Gryfice(3)";8
"1344";"Cedynia(3)";9
"1345";"Chojna(3)";5
"1346";"Moryñ(3)";10
"1347";"Golczewo(3)";10
"1348";"Bêdzino(2)";10
"1349";"Sianów(3)";10
"1350";"Ko³baskowo(2)";1
"1351";"Iñsko(3)";10
"1352";"Stargard(2)";5
"1353";"Bia³yBór(3)";3
"1354";"Œwidwin(1)";10
"1355";"Cz³opa(3)";10
"1356";"Miros³awiec(3)";10
"1357";"Tuczno(3)";10
"1358";"£obez(3)";8
"1359";"Karpacz(1)";4
"1360";"SzklarskaPorêba(1)";5
"1361";"Wroc³aw(1)";1
"1362";"Krynica-Zdrój(3)";5
"1363";"BukowinaTatrzañska(2)";5
"1364";"Poronin(2)";8
"1365";"Solina(2)";8
"1366";"£eba(1)";8
"1367";"KrynicaMorska(1)";8
"1368";"Poznañ(1)";1
"1369";"Dziwnów(3)";8
"1370";"Œwinoujœcie(1)";7
"1371";"Podgórzyn(2)";7
"1372";"Duszniki-Zdrój(1)";8
"1373";"BystrzycaK³odzka(3)";7
"1374";"L¹dek-Zdrój(3)";7
"1375";"Radków(3)";8
"1376";"StronieŒl¹skie(3)";5
"1377";"Szczawno-Zdrój(1)";7
"1378";"Walim(2)";8
"1379";"Legnica(1)";2
"1380";"Wa³brzychod2013(1)";2
"1381";"Zbiczno(2)";8
"1382";"Koronowo(3)";8
"1383";"Inowroc³aw(1)";8
"1384";"BrzeœæKujawski(3)";10
"1385";"G¹sawa(2)";8
"1386";"Grudzi¹dz(1)";6
"1387";"W³oc³awek(1)";6
"1388";"Pu³awy(1)";7
"1389";"Na³êczów(3)";8
"1390";"Krasnobród(3)";10
"1391";"Zwierzyniec(3)";10
"1392";"Bia³aPodlaska(1)";5
"1393";"Zamoœæ(1)";4
"1394";"Pszczew(2)";8
"1395";"S³ubice(3)";6
"1396";"Drezdenko(3)";7
"1397";"£agów(2)";4
"1398";"Sk¹pe(2)";3
"1399";"S³awa(3)";8
"1400";"GorzówWielkopolski(1)";2
"1401";"ZielonaGóra(1)";4
"1402";"Wolbórz(3)";1
"1403";"Inow³ódz(2)";7
"1404";"TomaszówMazowiecki(2)";8
"1405";"UœcieGorlickie(2)";7
"1406";"GródeknadDunajcem(2)";5
"1407";"Muszyna(3)";7
"1408";"Piwniczna-Zdrój(3)";5
"1409";"Czorsztyn(2)";4
"1410";"KroœcienkonadDunajcem(2)";3
"1411";"£apszeNi¿ne(2)";7
"1412";"Oœwiêcim(1)";6
"1413";"Zawoja(2)";8
"1414";"Bia³yDunajec(2)";8
"1415";"Wieliczka(3)";1
"1416";"NowyS¹cz(1)";1
"1417";"Tarnów(1)";1
"1418";"Sarnaki(2)";3
"1419";"P³ock(1)";2
"1420";"Radom(1)";1
"1421";"Siedlce(1)";4
"1422";"G³ucho³azy(3)";7
"1423";"Nysa(3)";7
"1424";"Opole(1)";1
"1425";"Czarna(2)";7
"1426";"UstrzykiDolne(3)";6
"1427";"Iwonicz-Zdrój(3)";8
"1428";"Rymanów(3)";8
"1429";"Sanok(1)";4
"1430";"Cisna(2)";8
"1431";"Krosno(1)";1
"1432";"Przemyœl(1)";1
"1433";"Tarnobrzeg(1)";5
"1434";"Augustów(1)";7
"1435";"Bia³owie¿a(2)";4
"1436";"Suwa³ki(1)";1
"1437";"Cz³uchów(1)";3
"1438";"Stê¿yca(2)";8
"1439";"Karsin(2)";10
"1440";"Wicko(2)";8
"1441";"Malbork(1)";4
"1442";"Choczewo(2)";7
"1443";"S³upsk(1)";6
"1444";"Brenna(2)";8
"1445";"Istebna(2)";10
"1446";"TarnowskieGóry(1)";1
"1447";"Kroczyce(2)";7
"1448";"Czernichów(2)";10
"1449";"Jeleœnia(2)";7
"1450";"Rajcza(2)";8
"1451";"Ujso³y(2)";3
"1452";"Bielsko-Bia³a(1)";1
"1453";"Gliwice(1)";1
"1454";"Tychy(1)";2
"1455";"Zabrze(1)";6
"1456";"Busko-Zdrój(3)";7
"1457";"Solec-Zdrój(2)";6
"1458";"Koñskie(3)";5
"1459";"Sandomierz(1)";1
"1460";"Gi¿ycko(1)";1
"1461";"Gi¿ycko(2)";3
"1462";"I³awa(1)";5
"1463";"Mr¹gowo(1)";2
"1464";"Mr¹gowo(2)";7
"1465";"Piecki(2)";8
"1466";"Olsztynek(3)";10
"1467";"Ostróda(1)";4
"1468";"Ostróda(2)";6
"1469";"Pisz(3)";7
"1470";"Ruciane-Nida(3)";7
"1471";"Go³dap(3)";8
"1472";"Wêgorzewo(3)";7
"1473";"Elbl¹g(1)";1
"1474";"Gniezno(1)";1
"1475";"Jarocin(3)";6
"1476";"W³oszakowice(2)";7
"1477";"Sieraków(3)";7
"1478";"Pi³a(1)";6
"1479";"TarnowoPodgórne(2)";1
"1480";"Przemêt(2)";7
"1481";"Wolsztyn(3)";7
"1482";"Czaplinek(3)";8
"1483";"Z³ocieniec(3)";3
"1484";"Wolin(3)";3
"1485";"Koszalin(1)";1
"1486";"Kudowa-Zdrój(1)";5
"1487";"Polanica-Zdrój(1)";5
"1488";"Œwieradów-Zdrój(1)";5
"1489";"JeleniaGóra(1)";4
"1490";"Bydgoszcz(1)";2
"1491";"Toruñ(1)";1
"1492";"KazimierzDolny(3)";4
"1493";"W³odawa(2)";8
"1494";"Lublin(1)";1
"1495";"Rabka-Zdrój(3)";8
"1496";"Koœcielisko(2)";8
"1497";"Serock(3)";6
"1498";"Lutowiska(2)";7
"1499";"Rzeszów(1)";6
"1500";"Bia³ystok(1)";1
"1501";"Chojnice(2)";8
"1502";"Koœcierzyna(2)";8
"1503";"Sztutowo(2)";8
"1504";"Hel(1)";10
"1505";"Gdynia(1)";6
"1506";"Szczyrk(1)";5
"1507";"Czêstochowa(1)";5
"1508";"Katowice(1)";2
"1509";"Kielce(1)";1
"1510";"Miko³ajki(3)";2
"1511";"Olsztyn(1)";5
"1512";"Witkowo(3)";7
"1513";"Œlesin(3)";7
"1514";"Postomino(2)";10
"1515";"Ciechocinek(1)";8
"1516";"£ódŸ(1)";1
"1517";"Szczawnica(3)";7
"1518";"Stegna(2)";8
"1519";"Jastarnia(3)";7
"1520";"Krokowa(2)";8
"1521";"Ustka(1)";7
"1522";"Ustka(2)";8
"1523";"Sopot(1)";4
"1524";"Ustroñ(1)";5
"1525";"Wis³a(1)";6
"1526";"Trzebiatów(3)";8
"1527";"Miêdzyzdroje(3)";5
"1528";"Ko³obrzeg(2)";7
"1529";"UstronieMorskie(2)";8
"1530";"Dar³owo(1)";8
"1531";"Dar³owo(2)";8
"1532";"Szczecin(1)";4
"1533";"Zakopane(1)";5
"1534";"W³adys³awowo(3)";8
"1535";"Gdañsk(1)";4
"1536";"Rewal(2)";8
"1537";"Ko³obrzeg(1)";5
"1538";"Mielno(3)";8
"1539";"Kraków(1)";1
"1540";"M.st.Warszawaod2002(1)";1
